museum_name,museum_japanese,architect,architect_japanese,completion_year,architectural_style,region,prefecture,city,nearest_station,nearest_major_city,description,architectural_highlights,significance,accessibility_notes,primary_museum_experience_blurb,nearby_cultural_attraction_name,distance_from_main_attraction_deprecated,distance_from_main_attraction,nearby_cultural_attraction_blurb,museum_image_url,image_attribution,attraction_1_image_url,attraction_1_attribution,attraction_2_image_url,attraction_2_attribution
Tokyo National Museum Honkan,東京国立博物館本館,Jin Watanabe,渡邊仁,1938,Imperial Crown Style,Kanto,Tokyo,Tokyo,Ueno Station,Tokyo,Main building of Japan's oldest national museum combining Eastern and Western styles,Steel-frame construction with traditional Japanese roof elements imperial architecture,Important Cultural Property East-West architectural fusion,5-minute walk from JR Ueno Station,"The Japanese Gallery rotates selections from over 110,000 objects including national treasures, samurai armor, ukiyo-e prints, and ancient ceramics spanning from prehistoric Jomon pottery to Edo-period decorative arts.",Toshogu Shrine,5-min walk,5-min walk from main museum attraction,"An ornate Edo-period shrine dedicated to Tokugawa Ieyasu, featuring elaborate gold-leaf decorations, intricate carvings, and a peony garden that blooms spectacularly in spring and winter.",https://raw.githubusercontent.com/jamespnz/museum-meditations-japan/main/images/tokyo-national-museum.jpg,"By Wiiii - Own work, CC BY-SA 3.0",https://raw.githubusercontent.com/jamespnz/museum-meditations-japan/main/images/Tokyo_National_Museum_Honkan_interior.jpg,"By Dick Thomas Johnson from Tokyo, CC BY 2.0",https://raw.githubusercontent.com/jamespnz/museum-meditations-japan/main/images/Toshogu_Shrine_Ueno_Park.jpg,"By Guilhem Vellut from Annecy, France - Toshogu Shrine @ Ueno Park, CC BY 2.1"
National Museum of Western Art,国立西洋美術館,Le Corbusier,ル・コルビュジエ,1959,Modernist Concrete,Kanto,Tokyo,Tokyo,Ueno Station,Tokyo,Le Corbusier's only building in East Asia UNESCO World Heritage Site,Pilotis concrete spiral ramp modular expansion system,UNESCO World Heritage architectural significance,10-minute walk from JR Ueno Station,"Japan's only national museum devoted exclusively to Western art housed in Le Corbusier's UNESCO World Heritage-listed modernist building featuring over 6,000 works from the revered Matsukata Collection with masterpieces spanning Medieval to mid-20th century including Monet's Water Lilies and Rodin's The Thinker alongside rotating special exhibitions and sculpture-filled forecourt in Ueno Park",Tokyo University of the Arts Museum,3-min walk,3-min walk from main museum attraction,"Japan's premier art university museum housing 30,000 works including 23 National Treasures and Important Cultural Properties featuring masterpieces by successive faculty and student graduation works from 1887 with rotating exhibitions and on-campus Geidai Art Plaza selling contemporary student artworks",https://raw.githubusercontent.com/jamespnz/museum-meditations-japan/main/images/National_Museum_of_Western_Art.jpg,"By Kakidai - Own work, CC BY-SA 4.0",https://raw.githubusercontent.com/jamespnz/museum-meditations-japan/main/images/The_National_Museum_of_Western_Art.jpg,"By Dick Thomas Johnson from Tokyo, Japan, CC BY 2.0",https://raw.githubusercontent.com/jamespnz/museum-meditations-japan/main/images/University_Art_Museum_Tokyo_University_of_the_Arts.jpg,"By Wiiii - Own work, CC BY-SA 3.0"
Tokyo Photographic Art Museum,東京都写真美術館,Yoshio Taniguchi,谷口吉生,1995,Glass Modernism,Kanto,Tokyo,Tokyo,Ebisu Station,Tokyo,Dedicated photography museum in Yebisu Garden Place complex,Transparent glass facade modular exhibition spaces natural light control,Leading photography museum architectural clarity,5-minute walk from JR Ebisu Station,"Three floors of galleries showcase rotating exhibitions of contemporary photography, experimental video art, and historical photographic collections from Japanese and international artists.",Yebisu Beer Museum,Same complex,Located in same complex,"This free museum chronicles the history of one of Japan's most beloved beers with vintage posters and brewing equipment, plus a tasting salon where visitors can sample regional brews.",https://raw.githubusercontent.com/jamespnz/museum-meditations-japan/main/images/Tokyo-Metropolitan-Museum-of-Photography.jpg,"By Rs1421 - Own work, CC BY-SA 3.0",https://raw.githubusercontent.com/jamespnz/museum-meditations-japan/main/images/Ebisu_Tokyo_August_2014_55.jpg,"By User:Piotrus - Self-photographed, CC BY-SA 3.0",https://raw.githubusercontent.com/jamespnz/museum-meditations-japan/main/images/Museum_of_Yebisu_Beer_view_201505.jpg,"By Wpcpey - Own work, CC BY-SA 4.0"
Nezu Museum,根津美術館,Kengo Kuma,隈研吾,2009,Contemporary Japanese,Kanto,Tokyo,Tokyo,Omotesando Station,Tokyo,Traditional art museum with contemporary bamboo screen facade,Bamboo louver facade traditional material reinterpretation garden integration,Kengo Kuma signature natural materials approach,8-minute walk from Tokyo Metro Omotesando Station,"Rotating displays from the 7,000-piece collection feature Japanese and Asian antiquities including seven national treasures, with special exhibitions highlighting tea ceremony arts, calligraphy, and Buddhist sculpture.",Nezu Shrine,25-min by train,25-min by train from main museum attraction,"A vermillion tunnel of over 100 torii gates leads through this historic shrine famous for its spectacular azalea garden, where 3,000 plants burst into bloom each May.",https://raw.githubusercontent.com/jamespnz/museum-meditations-japan/main/images/Nezu-museum.jpg,"By Kentin - Own work, CC BY-SA 3.0",https://raw.githubusercontent.com/jamespnz/museum-meditations-japan/main/images/Nezu_Museum_Garten.jpg,"By Reinhold MÃ¶ller, CC BY-SA 4.0",https://raw.githubusercontent.com/jamespnz/museum-meditations-japan/main/images/Nezu_Shrine_2010.jpg,"By Wiiii - Own work, CC BY-SA 3.0"
Suntory Museum of Art,サントリー美術館,Kengo Kuma,隈研吾,2007,Contemporary Japanese,Kanto,Tokyo,Tokyo,Roppongi Station,Tokyo,Japanese antique art museum in Tokyo Midtown with movable ceramic louvers,White ceramic kinetic vertical louvers sliding mechanism traditional lattice inspiration,Art in life concept urban integration,Direct connection from Tokyo Metro Roppongi Station,"Five to six themed exhibitions annually explore Japanese decorative arts and crafts, from Edo-period lacquerware and ceramics to contemporary textile designs, drawn from the museum's extensive lifestyle arts collection.",Hie Shrine,10-min walk,10-min walk from main museum attraction,"A sacred mountain shrine relocated to central Tokyo, featuring a dramatic escalator through vermillion torii gates and offering blessings for business success and safe childbirth.",https://raw.githubusercontent.com/jamespnz/museum-meditations-japan/main/images/Tokyo-Midtown-Suntory-Museum-of-Art.jpg,"By Rs1421 - Own work, CC BY-SA 3.0",https://raw.githubusercontent.com/jamespnz/museum-meditations-japan/main/images/Suntory_Museum_of_Art_exhib.jpg,"By Wpcpey - Own work, CC BY-SA 4.0",https://raw.githubusercontent.com/jamespnz/museum-meditations-japan/main/images/Tokyo_Hie-Shrine_Gate.jpg,"By MaedaAkihiko - Own work, CC BY-SA 4.0"
21_21 Design Sight,21_21デザインサイト,Tadao Ando,安藤忠雄,2007,Underground Concrete,Kanto,Tokyo,Tokyo,Roppongi Station,Tokyo,Design-focused museum mostly underground in Tokyo Midtown,Triangular concrete roof underground galleries natural light penetration,Design as art concept minimalist presentation,10-minute walk from Tokyo Metro Roppongi Station,"Founded by designer Issey Miyake, the museum presents experimental exhibitions exploring design's role in everyday life, with past shows examining everything from chocolate packaging to the future of mobility.",National Art Center Tokyo,5-min walk,5-min walk from main museum attraction,Japan's largest exhibition space features a striking undulating glass facade by Kisho Kurokawa and hosts world-class rotating exhibitions without maintaining a permanent collection.,https://raw.githubusercontent.com/jamespnz/museum-meditations-japan/main/images/21_21_Design_Sight.jpg,"By Wei-Te Wong from Taipei City, Taiwan, Republic of China - 21_21 Design Sight, CC BY-SA 2.0",https://raw.githubusercontent.com/jamespnz/museum-meditations-japan/main/images/Garden_Tokyo_Midtown_Roppongi.jpg,"By Guilhem Vellut from Annecy, CC BY 2.0",https://raw.githubusercontent.com/jamespnz/museum-meditations-japan/main/images/National_Art_Center_Tokyo_2008.jpg,"By Wiiii - Own work, CC BY-SA 3.0"
Sumida Hokusai Museum,すみだ北斎美術館,Kazuyo Sejima,妹島和世,2016,Metallic Contemporary,Kanto,Tokyo,Tokyo,Ryogoku Station,Tokyo,Museum dedicated to ukiyo-e master Hokusai with distinctive aluminum exterior,Mirrored aluminum panels distinctive silvery appearance angular geometry,SANAA architectural innovation ukiyo-e cultural heritage,5-minute walk from JR Ryogoku Station,"Permanent displays feature reproductions and original works by ukiyo-e master Katsushika Hokusai, with rotating exhibitions exploring his influence on both Japanese art and Western Impressionism.",Edo-Tokyo Museum,15-min by train,15-min by train from main museum attraction,"This architecturally dramatic museum recreates Edo-period streetscapes at full scale, offering hands-on experiences from riding in palanquins to examining samurai armor up close.",https://raw.githubusercontent.com/jamespnz/museum-meditations-japan/main/images/sumida-hokusai.jpg,"By Kakidai - Own work, CC BY-SA 4.0",https://raw.githubusercontent.com/jamespnz/museum-meditations-japan/main/images/Katsushika_Hokusai_(1760-1849).jpg,By Katsushika Hokusai - Public Domain,https://raw.githubusercontent.com/jamespnz/museum-meditations-japan/main/images/Edo-Tokyo_Museum_ryogoku.jpg,"By Guilhem Vellut from Annecy, France - Edo-Tokyo Museum @ Ryogoku, CC BY 2.0"
Mori Art Museum,森美術館,Richard Gluckman,ãƒªãƒãƒ£ãƒ¼ãƒ‰ãƒ»ã‚°ãƒ©ãƒƒã‚¯ãƒžãƒ³,2003,High-rise Contemporary,Kanto,Tokyo,Tokyo,Roppongi Hills Station,Tokyo,Contemporary art museum on 52nd and 53rd floors of Mori Tower,Sky-high galleries panoramic city views integrated commercial complex,Vertical museum concept city observation,Direct connection from Tokyo Metro Roppongi Hills Station,"Large-scale contemporary art exhibitions showcase established and emerging artists from across Asia and beyond, with the triennial Roppongi Crossing series highlighting cutting-edge Japanese contemporary art.",Zojoji Temple,10-min walk,10-min walk from main museum attraction,"The Tokugawa family temple sits dramatically at Tokyo Tower's base, its vermillion main gate and historic cemetery offering serene contrast to the surrounding modern cityscape.",https://raw.githubusercontent.com/jamespnz/museum-meditations-japan/main/images/Mori_Art_Museum_Entrance.jpg,"By Wing1990hk - Own work, CC BY 3.0",https://raw.githubusercontent.com/jamespnz/museum-meditations-japan/main/images/Capsule_from_Nakagin_Capsule_Tower_Building.jpg,"By Kestrel - Own work, CC BY-SA 4.0",https://raw.githubusercontent.com/jamespnz/museum-meditations-japan/main/images/Tokyo_zozo-ji_Main_Hall_and_Tokyo_Tower.jpg,"By Ymblanter - Own work, CC BY-SA 4.0"
Tokyo Station Gallery,東京ステーションギャラリー,Tatsuno Kingo,è¾°é‡Žé‡‘å¾,1914/2012,Brick Renaissance Revival,Kanto,Tokyo,Tokyo,Tokyo Station,Tokyo,Historic red brick station building housing contemporary gallery,Red brick facade Queen Anne style architectural restoration heritage preservation,Meiji period Western architecture Important Cultural Property,Inside JR Tokyo Station Marunouchi exit,"Housed within the station's original 1914 architecture, exhibitions focus on modern Japanese art with emphasis on works connected to railways, urban life, and the evolution of Tokyo itself.",Imperial Palace East Gardens,10-min walk,10-min walk from main museum attraction,"The former grounds of Edo Castle feature massive stone walls, historic keeps, and seasonal gardens where visitors can stroll freely through grounds once forbidden to commoners.",https://raw.githubusercontent.com/jamespnz/museum-meditations-japan/main/images/Tokyo_Station_Gallery.jpg,"By Lover of Romance~commonswiki - Own work, CC BY-SA 3.0",https://raw.githubusercontent.com/jamespnz/museum-meditations-japan/main/images/Tokyo_station_gallery_entrance.jpg,"By Briefs4reskin - Own work, CC BY-SA 4.0",https://raw.githubusercontent.com/jamespnz/museum-meditations-japan/main/images/East_Gardens_of_the_Imperial_Palace.jpg,"By Photograph by D Ramey Logan, CC BY-SA 4.0"
The National Museum of Modern Art Tokyo,東京国立近代美術館,Yoshiro Taniguchi,è°·å£å‰éƒŽ,1969,Modernist,Kanto,Tokyo,Chiyoda,Takebashi Station,Tokyo,Japan's first national art museum featuring elevated horizontal volume with pilotis structure skip-floor interior design panoramic moat views,Thick columns supporting pilotis structure with undulating beams giving Japanese sensibility to concrete exterior minimal windows facing Imperial Palace elevated platform design top-floor observation lounge,First national art museum donated by industrialist Ishibashi Shojiro modernist architecture at interface between historic palace and modern Tokyo 2001-2002 major renovation,3-minute walk from Takebashi Station (Tozai Line) Exit 1b or 15 minutes from Kudanshita/Jimbocho Stations,The MOMAT Collection rotates 200 works from over 13000 modern and contemporary Japanese artworks including National Important Cultural Properties by Yokoyama Taikan and Kishida Ryusei spanning late 19th century to present across 12 themed galleries.,Kitanomaru Park,Adjacent,Adjacent from main museum attraction,Kitanomaru Park and the Imperial Palace East Gardens offer spectacular cherry blossoms in spring historic stone ramparts and Chidorigafuchi Moat with Tokyo Station's architecture within walking distance.,https://raw.githubusercontent.com/jamespnz/museum-meditations-japan/main/images/The_National_Museum_of_Modern_Art_2nd.jpg,"By Syced - Own work, CC1",https://raw.githubusercontent.com/jamespnz/museum-meditations-japan/main/images/The_National_Museum_of_Modern_Art.jpg,"By Dick Thomas Johnson from Tokyo, CC BY 2.1",https://raw.githubusercontent.com/jamespnz/museum-meditations-japan/main/images/Kitanomaru_Park_moat_blossom.jpg,"By Suicasmo - Own work, CC BY-SA 4.0"
Tokyo Metropolitan Art Museum,東京都美術館,Kunio Maekawa,前川國男,1975,Modernist,Kanto,Tokyo,Taito,Ueno Station,Tokyo,Japan's first public art museum opened in 1926 modernist building by Maekawa with central open courtyard pilotis-style lobby spaces renovated 2012,Broad central courtyard surrounded by three blocks harmonious integration with Ueno Park greenery exposed concrete construction building-enclosed plaza spaces quiet neutral backdrop for artworks universal design features,First public art museum in Japan donated by Keitaro Sato 1921 Le Corbusier apprentice's masterwork 280 exhibitions annually major renovation 2010-2012,7-minute walk from JR Ueno Station Park Exit 10-minute walk from Tokyo Metro Ueno Station,Experience 280 exhibitions annually from blockbuster international shows featuring Impressionists and Old Masters to contemporary Japanese calligraphy and student works with 13 outdoor sculptures and permanent collection displayed throughout modernist architectural spaces.,Shinobazu Pond,5-min walk,5-min walk from main museum attraction,"This scenic pond in the heart of Ueno Park offers peaceful walking paths around its perimeter, with lotus flowers carpeting the water in summer, a Benzaiten shrine on a small island, and swan boat rentals for leisurely paddling beneath cherry blossoms in spring.",https://raw.githubusercontent.com/jamespnz/museum-meditations-japan/main/images/Tokyo_Metropolitan_Art_Museum_front.jpg,"By An aggressive and ambiguous amphibian's absurd and adaptable anagram alarmed all ants - Own work, CC0",https://raw.githubusercontent.com/jamespnz/museum-meditations-japan/main/images/Tokyo_metropolitan_art_museum_1920.jpg,"By 663highland - Own work, CC BY 2.5",https://raw.githubusercontent.com/jamespnz/museum-meditations-japan/main/images/shinozabu_pond_walkway.jpg,"By Simo RÃ¤sÃ¤nen, CC BY-SA 4.0"
Tokyo Metropolitan Teien Art Museum,東京都庭園美術館,Yokichi Gondo,æ¨©è—¤è¦å‰,1933,Art Deco,Kanto,Tokyo,Minato,Meguro Station,Tokyo,Former residence of Prince Asaka built 1933 in Art Deco style Important Cultural Property designation 2015 museum opened 1983 annex by Hiroshi Sugimoto 2014,Glass relief doors by RenÃƒÂ© Lalique in entrance hall Henri Rapin interior designs Grand Hall with lattice ceiling Japanese and French craftsmanship fusion minimal alterations to original interiors marble reliefs by LÃƒÂ©on Blanchot,Japan's premier Art Deco architecture Prince Asaka inspired by 1925 Paris Exposition served as Prime Minister residence 1947-1950 State Guest House 1950-1974 preservation of Art Deco aesthetics,7-minute walk from JR Meguro Station East Exit or 6-minute walk from Shirokanedai Station Exit 1,"Within Prince Asaka's former residence, experience rotating exhibitions of decorative arts fashion and jewelry within authentic Art Deco rooms featuring original RenÃƒÂ© Lalique glass work and Henri Rapin interiors with Japanese and Western gardens containing sculptures and seasonal flowers",Hatakeyama Memorial Museum of Fine Art,10-min walk,10-min walk from main museum attraction,"This intimate museum housed in a traditional Japanese residence showcases the exquisite private collection of businessman Hatakeyama Issei, featuring tea ceremony utensils, Noh theater costumes, and Japanese paintings displayed in tatami rooms overlooking a serene garden.",https://raw.githubusercontent.com/jamespnz/museum-meditations-japan/main/images/Tokyo_Metropolitan_Teien_Art_Museum.jpg,"By Kestrel - Own work, CC BY-SA 4.0",https://raw.githubusercontent.com/jamespnz/museum-meditations-japan/main/images/Tokyo_Metropolitan_Teien_Art_Museum_prince_asaka_former_res.jpg,"By Wiiii - Own work, CC BY-SA 3.0",https://raw.githubusercontent.com/jamespnz/museum-meditations-japan/main/images/Hatakeyama_Memorial_Museum_of_Fine_Art.jpg,"By Daderot - Own work, CC0"
Hakone Open-Air Museum,彫刻の森美術館,Various,Various,1969,Sculpture Park Modern,Chubu,Kanagawa,Hakone,Chokoku-no-mori Station,Odawara,Japan's first open-air sculpture museum in mountain setting,Landscape integration sculptural architecture Picasso Pavilion,Pioneer outdoor museum concept art-nature synthesis,2-minute walk from Hakone Tozan Railway Chokoku-no-mori Station,"Over 120 sculptures by Rodin, Moore, and Picasso are displayed across landscaped grounds with mountain views, plus the Picasso Pavilion housing 300 works and a hands-on children's art play area.",Hakone Shrine,20-min by bus,20-min by bus from main museum attraction,"The iconic floating torii gate rising from Lake Ashi and the atmospheric cedar-lined approach make this one of Japan's most photographed shrines, with mountain views worthy of ukiyo-e prints.",https://raw.githubusercontent.com/jamespnz/museum-meditations-japan/main/images/Hakone_Open-air_Museum_Japan.jpg,"By 663highland - Own work, CC BY-SA 4.0",https://raw.githubusercontent.com/jamespnz/museum-meditations-japan/main/images/Hakone_Open-air_Museum_structure.jpg,"By Suicasmo - Own work, CC BY-SA 4.0",https://raw.githubusercontent.com/jamespnz/museum-meditations-japan/main/images/Hakone_Shrine_path.jpg,"By Guilhem Vellut from Annecy, France - Hakone Shrine @ Moto-Hakone, CC BY 2.0"
British Antique Museum Kamakura,ブリティッシュアンティークミュージアム,Kengo Kuma,隈研吾,2022,Traditional Contemporary,Kanto,Kanagawa,Kamakura,Kamakura Station,Kamakura,Museum featuring undulating facade inspired by Kamakura-bori lacquerwork,Undulating Japanese cypress strips traditional craft inspiration,Cultural bridge architecture British-Japanese connection,1-minute walk from JR Kamakura Station,"Victorian and Edwardian furnishings, Wedgwood ceramics, and English silverware fill period room settings, offering insight into British domestic life during the height of the empire's cultural influence.",Kamakura National Treasure Museum,15-min walk,15-min walk from main museum attraction,"Adjacent to Tsurugaoka Hachimangu Shrine, this specialized museum houses an exceptional collection of Buddhist sculptures, paintings, and artifacts designated as National Treasures and Important Cultural Properties from Kamakura's historic temples spanning the 12th to 14th centuries.",https://raw.githubusercontent.com/jamespnz/museum-meditations-japan/main/images/BAM.jpg,"By Santa365 - Own work, CC BY-SA 4.0",https://raw.githubusercontent.com/jamespnz/museum-meditations-japan/main/images/4th_Floor_brit_museum.jpg,"By Santa365 - Own work, CC BY-SA 4.0",https://raw.githubusercontent.com/jamespnz/museum-meditations-japan/main/images/Kamakura_Museum_of_National_Treasures.jpg,"By Urashimataro - Own work, Public Domain"
Museum of Modern Art Gunma,群馬県立近代美術館,Arata Isozaki,磯崎新,1974,Metabolist Concrete,Kanto,Gunma,Takasaki,Takasaki Station,Takasaki,Early Isozaki work with geometric concrete forms and courtyards,Cubic concrete volumes geometric precision interior-exterior dialogue,Post-war Japanese architecture pioneer work,20-minute bus from JR Takasaki Station,"The permanent collection spans post-war Japanese modernism through contemporary works, with rotating exhibitions highlighting regional artists and major retrospectives of 20th-century Japanese painters and sculptors.",Tomioka Silk Mill,40-min by train,40-min by train from main museum attraction,"This UNESCO World Heritage site preserves Japan's first modern silk-reeling factory, where Western industrial technology merged with Japanese craftsmanship to revolutionize the global silk trade.",https://raw.githubusercontent.com/jamespnz/museum-meditations-japan/main/images/Museum-of-Modern-Art-Gunma.jpg,"By pcs34560 - Own work, Public Domain",https://raw.githubusercontent.com/jamespnz/museum-meditations-japan/main/images/The_Museum_of_Modern_Art_Gunma.jpg,"By Abasaa - Own work, Public Domain",https://raw.githubusercontent.com/jamespnz/museum-meditations-japan/main/images/Tomioka-Silk-Mill_East-Cocoon-Warehouse.jpg,By NY066 - File:Tomioka-Silk-Mill_East-Cocoon-Warehouse.JPG
Toyama Glass Art Museum,富山市ガラス美術館,Kengo Kuma,隈研吾,2015,Timber Contemporary,Hokuriku,Toyama,Toyama,Toyama Station,Toyama,Combined library and glass museum with extensive use of local wood,Cross-laminated timber construction local material emphasis integrated library function,Regional revitalization through architecture timber innovation,10-minute walk from JR Toyama Station,"Contemporary glass art installations fill the striking Kengo Kuma-designed building, featuring works by Dale Chihuly and rotating exhibitions exploring glass as both functional craft and fine art medium.",Mori Shuhei Museum of Art,20-min walk,20-min walk from main museum attraction,"This small museum showcases the vibrant watercolor paintings of local artist Mori Shuhei, capturing the landscapes and culture of Toyama Prefecture with particular focus on the Japan Alps, rural life, and seasonal beauty of the Hokuriku region.",https://raw.githubusercontent.com/jamespnz/museum-meditations-japan/main/images/TOYAMA_KIRARI_Toyama_Glass_Art_Museum.jpg,"By Asturio Cantabrio - Own work, CC BY-SA 4.0",https://raw.githubusercontent.com/jamespnz/museum-meditations-japan/main/images/Toyama_Glass_Art_Museum_ceiling.jpg,"By æ¥µåœ°ç‹ , CC BY 2.0",https://raw.githubusercontent.com/jamespnz/museum-meditations-japan/main/images/Mori_Shuhei_Museum_of_Art.jpg,"By ã•ã‹ãŠã‚Š - Own work, CC BY-SA 4.0"
D.T. Suzuki Museum,鈴木大拙館,Yoshio Taniguchi,谷口吉生,2011,Minimalist Contemporary,Hokuriku,Ishikawa,Kanazawa,Kanazawa Station,Kanazawa,Museum dedicated to Zen Buddhism philosopher with contemplative spaces,Concrete and glass minimalism water courtyard meditation spaces,Taniguchi architectural philosophy Zen spatial concepts,20-minute bus from Kanazawa Station,"Contemplative exhibition spaces introduce the Buddhist philosopher's writings on Zen and mindfulness through multimedia displays, original manuscripts, and a reflective water garden designed for meditation.",Nagamachi Samurai District,15-min walk,15-min walk from main museum attraction,"Perfectly preserved earthen walls and wooden gates line the narrow lanes where samurai families once lived, with several restored residences open to explore traditional warrior-class architecture and gardens.",https://raw.githubusercontent.com/jamespnz/museum-meditations-japan/main/images/D.T. Suzuki Museum.jpg,"By kajikawa, CC BY 3.0",https://raw.githubusercontent.com/jamespnz/museum-meditations-japan/main/images/ST_Suzuki_interior.jpg,"By kajikawa, CC BY 3.0","https://raw.githubusercontent.com/jamespnz/museum-meditations-japan/main/images/Nagamachi_district,_Kanazawa.jpg","By Andrea Schaffer from Sydney, Australia - Nagamachi district, Kanazawa, CC BY 2.0"
21st Century Museum of Contemporary Art,金沢21世紀美術館,SANAA (Sejima & Nishizawa),å¦¹å³¶å’Œä¸–+è¥¿æ²¢ç«‹è¡›,2004,Glass Minimalism,Hokuriku,Ishikawa,Kanazawa,Kanazawa Station,Kanazawa,Circular glass museum with no front or back multiple entrances,112.5m diameter circular form glass curtain walls scattered galleries transparency,Pritzker Prize winning design Golden Lion Venice Biennale,15-minute bus from Kanazawa Station to Hirosaka,The circular museum hosts rotating contemporary exhibitions alongside permanent installations including Leandro Erlich's famous Swimming Pool and James Turrell's Blue Planet Sky light installation.,Kenroku-en Garden,15-min walk,15-min walk from main museum attraction,"One of Japan's three most celebrated gardens, this meticulously designed Edo-period landscape features seasonal blossoms, historic teahouses, and perfectly composed views that have inspired poets for centuries.",https://raw.githubusercontent.com/jamespnz/museum-meditations-japan/main/images/21st_Century_Museum_of_Contemporary_Art.jpg,"By é‡‘æ²¢å¸‚, CC BY 2.1",https://raw.githubusercontent.com/jamespnz/museum-meditations-japan/main/images/kanazawa_21st_century_museum_art_aerial_view.jpg,"By é‡‘æ²¢å¸‚ , CC BY 2.1",https://raw.githubusercontent.com/jamespnz/museum-meditations-japan/main/images/Kenroku-en.jpg,"By Balon Greyjoy - Own work, CC0"
Hiroshima City Museum of Contemporary Art,広島市現代美術館,Kisho Kurokawa,黒川紀章,1989,Postmodern Architecture,Chugoku,Hiroshima,Hiroshima,Hijiyama-Koen Station,Hiroshima,Hilltop contemporary art museum with distinctive geometric forms,Stone and concrete construction terraced design hilltop integration,Post-war reconstruction cultural significance peace theme,15-minute bus from JR Hiroshima Station,"Post-1945 contemporary art from Japan and abroad fills the hillside galleries, with rotating exhibitions examining peace, memory, and artistic responses to social change alongside the permanent collection.",Shukkeien Garden,15-min walk,15-min walk from main museum attraction,"This 400-year-old daimyo strolling garden recreates famous landscapes in miniature, with teahouses perched over koi-filled ponds and pathways designed to reveal new vistas at every turn.",https://raw.githubusercontent.com/jamespnz/museum-meditations-japan/main/images/Stairs_in_Contemp._art_museum_Hiroshima.jpg,"By Max Nossin, CC BY 3.0",https://raw.githubusercontent.com/jamespnz/museum-meditations-japan/main/images/Hiroshima_Moca.jpg,"By Taisyo at Japanese Wikipedia, CC BY 3.0",https://raw.githubusercontent.com/jamespnz/museum-meditations-japan/main/images/Hiroshima_Shukkeien.jpg,"By Jakub Haun - Own work, CC BY-SA 4.0"
Umeda Sky Building,梅田スカイビル,Hiroshi Hara,åŽŸåºƒå¸,1993,High-tech Modern,Kansai,Osaka,Osaka,Osaka Station,Osaka,Twin-tower complex with floating observatory bridging towers,173m twin towers connected floating garden observatory sky bridge,Architectural landmark futuristic urban gateway concept,7-minute walk from JR Osaka Station,"The 27th-floor gallery showcases fantastical paintings by contemporary artist Koji Kinutani, whose dreamlike canvases blend Buddhist iconography with surrealist imagery and vibrant color palettes.",Kita-Shinchi District,10-min by train,10-min by train from main museum attraction,"Osaka's sophisticated dining and entertainment quarter glows with traditional lanterns lighting narrow alleys filled with intimate izakayas, upscale restaurants, and historic geisha establishments.",https://raw.githubusercontent.com/jamespnz/museum-meditations-japan/main/images/Umeda_Sky_Building_Osaka.jpg,"By Martin Falbisoner - Own work, CC BY-SA 4.0",https://raw.githubusercontent.com/jamespnz/museum-meditations-japan/main/images/Umeda_Sky_Building_Osaka (2).jpg,"By Martin Falbisoner - Own work, CC BY-SA 4.0",https://raw.githubusercontent.com/jamespnz/museum-meditations-japan/main/images/Kita-Shinchi_in_Osaka.jpg,"By Mc681 - Own work, CC BY-SA 4.1"
Koji Kinutani Tenku Art Museum,絹谷幸二 天空美術館,Various,Various,2016,High-rise Gallery,Kansai,Osaka,Osaka,Osaka Station,Osaka,Artist-specific museum on 27th floor of Umeda Sky Building,Panoramic views fresco-style paintings high-rise gallery space,Artist-architecture integration urban art experience,Located in Umeda Sky Building West Tower,Seven renovated structures throughout Honmura village have been transformed by artists including James Turrell and Hiroshi Sugimoto into permanent site-specific installations that blend contemporary art with traditional architecture.,Grand Green Osaka,Adjacent,Adjacent to main museum attraction,"This innovative mixed-use complex near Osaka Station combines striking contemporary architecture with public spaces, upscale shopping, and international dining, creating a modern urban destination that connects seamlessly with the surrounding Umeda district.",https://raw.githubusercontent.com/jamespnz/museum-meditations-japan/main/images/Koji_Kinutani_Tenku_Art_Museum.jpg,"By LittleT889 - Own work, CC BY 4.0",https://raw.githubusercontent.com/jamespnz/museum-meditations-japan/main/images/Koji_Kinutani_Tenku_Art_Museum.jpg,"By LittleT889 - Own work, CC BY 4.0",https://raw.githubusercontent.com/jamespnz/museum-meditations-japan/main/images/Inogate_Osaka_and_Grand_Green_Osaka_Gate_Tower.jpg,"By LittleT889 - Own work, CC BY 4.0"
Kyoto National Museum,京都国立博物館,Tokuma Katayama,ç‰‡å±±æ±ç†Š,1897/2014,Meiji Western + Contemporary,Kansai,Kyoto,Kyoto,Keihan Shichijo Station,Kyoto,Historic museum with new wing by Taniguchi Yoshio,French Renaissance revival original building modern glass addition,East-West architectural dialogue historical preservation,5-minute walk from Keihan Shichijo Station,"Rotating displays from the 14,000-object collection showcase Kyoto's artistic heritage through Buddhist sculptures, court paintings, tea ceremony implements, and special exhibitions of national treasures from local temples.",Sanjusangendo Temple,20-min by train,20-min by train from main museum attraction,"The longest wooden building in Japan houses 1,001 golden statues of the thousand-armed Kannon goddess, creating an overwhelming spectacle of Buddhist artistry that has awed visitors for eight centuries.",https://raw.githubusercontent.com/jamespnz/museum-meditations-japan/main/images/Kyoto_National_Museum.jpg,"By Wiiii - Own work, CC BY-SA 3.0",https://raw.githubusercontent.com/jamespnz/museum-meditations-japan/main/images/Kyoto_National_Museum_The_Thinker.jpg,"By Chainwit. - Own work, CC BY 4.0",https://raw.githubusercontent.com/jamespnz/museum-meditations-japan/main/images/KYOTO_TEMPLE_SANJUSANGEN-DO_TEMPLE_OF_1000_BOUDDHA.jpg,"By Eric Salard - KYOTO TEMPLE SANJUSANGEN-DO TEMPLE OF 1000 BOUDDHA, CC BY-SA 2.0"
Miho Museum,MIHO MUSEUM,I.M. Pei,I.M.ペイ,1997,Modernist Integration,Kansai,Shiga,Shigaraki,Ishiyama Station,Kyoto,Mountain museum connected by tunnel with spectacular setting,Glass and limestone construction mountain integration underground approach,I.M. Pei architectural mastery landscape harmony,Shuttle bus from Ishiyama Station (50 minutes),"Ancient civilizations come alive through displays of Egyptian, Roman, and Asian antiquities in I.M. Pei's mountain sanctuary, with Japanese art exhibitions highlighting tea ceremony aesthetics and Buddhist sculpture.",Shigaraki Ceramic Cultural Park,20-min by bus,20-min by bus from main museum attraction,"This historic ceramic production center has crafted Japan's signature earthy pottery for over 1,000 years, with galleries and workshops where visitors can watch artisans and try their hand at the wheel.",https://raw.githubusercontent.com/jamespnz/museum-meditations-japan/main/images/Miho_Museum.jpg,"By é›·å¤ª , CC BY 2.0",https://raw.githubusercontent.com/jamespnz/museum-meditations-japan/main/images/MIHO_MUSEUM_01.jpg,"By Motokoka - Own work, CC BY-SA 4.0",https://raw.githubusercontent.com/jamespnz/museum-meditations-japan/main/images/Shigaraki_Pottery_Museum_Shigaraki_Koka_Shiga_pref.jpg,"By 663highland - Own work, CC BY-SA 4.0"
Naoshima Pavilion,直島パヴィリオン,Sou Fujimoto,è—¤æœ¬å£®ä»‹,2019,Contemporary Pavilion,Chugoku,Kagawa,Naoshima,Miyanoura Port,Takamatsu,Geometric pavilion structure serving as island gateway and community space,White geometric framework transparent structure community gathering space,Contemporary Japanese architecture community integration,Ferry from Takamatsu Port or Uno Port,"Sou Fujimoto's ethereal white pavilion serves as a gathering space and gateway to the island's art sites, hosting temporary installations and providing a striking contemporary landmark at the ferry terminal.",Miyanoura Port Art Installations,5-min walk,5-min walk from main museum attraction,"Yayoi Kusama's red pumpkin sculpture and other contemporary installations transform the ferry terminal area into an outdoor gallery, setting the artistic tone for the entire island experience.",https://raw.githubusercontent.com/jamespnz/museum-meditations-japan/main/images/Naoshima_Pavilion.jpg,"By Bea Phi - Own work, CC BY-SA 4.0",https://raw.githubusercontent.com/jamespnz/museum-meditations-japan/main/images/Naoshima_Pavilion.jpg,"By Bea Phi - Own work, CC BY-SA 4.0",https://raw.githubusercontent.com/jamespnz/museum-meditations-japan/main/images/Miyanoura Port Area Art Installations.jpg,"By kajikawa, CC BY 3.0"
Chichu Art Museum,地中美術館,Tadao Ando,安藤忠雄,2004,Brutalist Underground,Chugoku,Kagawa,Naoshima,Miyanoura Port,Takamatsu,Underground museum embedded in hillside housing permanent installations by Monet Walter De Maria and James Turrell,Cast-in-place concrete geometric volumes natural light choreography triangular and circular openings,Meditation on light architecture and nature UNESCO recognition,Ferry from Takamatsu Port or Uno Port then bus,"Three permanent installations by Claude Monet, James Turrell, and Walter De Maria are showcased in underground galleries illuminated entirely by natural light that transforms the viewing experience throughout the day.",Art House Project,10-min walk,10-min walk from main museum attraction,"A collection of abandoned village houses transformed by contemporary artists into site-specific installations, offering an intimate exploration of art integrated into everyday Japanese life.",https://raw.githubusercontent.com/jamespnz/museum-meditations-japan/main/images/chichu-art-museum.jpg,"By 663highland - Own work, CC BY 2.5",https://raw.githubusercontent.com/jamespnz/museum-meditations-japan/main/images/chichu-art-museum.jpg,"By 663highland - Own work, CC BY 2.5",https://raw.githubusercontent.com/jamespnz/museum-meditations-japan/main/images/Art_house_project_in_Naoshima_Haisya.jpg,"By æ¾å²¡æ˜ŽèŠ³ - æ¾å²¡æ˜ŽèŠ³, CC0"
Benesse House Museum,ベネッセハウス ミュージアム,Tadao Ando,安藤忠雄,1992,Modernist Concrete,Chugoku,Kagawa,Naoshima,Miyanoura Port,Takamatsu,Integrated museum and hotel complex overlooking Seto Inland Sea,Large concrete openings blur interior-exterior boundaries hotel integration with art,Pioneering art site concept coexistence of nature art and architecture,Ferry from Takamatsu Port or Uno Port then bus,"Site-specific works by contemporary artists including Hiroshi Sugimoto, David Hockney, and Richard Long are permanently integrated into the architecture, with outdoor sculptures scattered along the coastline and forest paths.",Kusama's Yellow Pumpkin,15-min walk,15-min walk from main museum attraction,The iconic polka-dotted yellow pumpkin sculpture perched on a seaside jetty has become Naoshima's most photographed landmark and symbol of the island's artistic renaissance.,https://raw.githubusercontent.com/jamespnz/museum-meditations-japan/main/images/benesse-house-museum.jpg,"By 663highland, CC BY 2.5",https://raw.githubusercontent.com/jamespnz/museum-meditations-japan/main/images/Precision_benesse_art_house.jpg,"By Rob Oo from NL - Precision, CC BY 2.0",https://raw.githubusercontent.com/jamespnz/museum-meditations-japan/main/images/kirill-q36y-w_RjG4-unsplash.jpg,Photo by Kirill on Unsplash
Lee Ufan Museum,李禹煥美術館,Tadao Ando,安藤忠雄,2010,Minimalist Concrete,Chugoku,Kagawa,Naoshima,Miyanoura Port,Takamatsu,Minimalist museum dedicated to leading Mono-ha movement artist,Semi-underground structure precise geometric forms natural light effects,Collaboration between architect and contemporary artist,Ferry from Takamatsu Port or Uno Port then bus,"The minimalist paintings and stone sculptures by Korean artist Lee Ufan engage in quiet dialogue with Tadao Ando's concrete architecture, creating meditative spaces for contemplation.","Naoshima Bath ""Iâ™¥æ¹¯""",10-min walk,10-min walk from main museum attraction,"A functioning public bathhouse transformed into an immersive art installation by Shinro Ohtake, where visitors can soak in therapeutic waters surrounded by colorful mosaics and found-object collages.",https://raw.githubusercontent.com/jamespnz/museum-meditations-japan/main/images/lee-ufan.jpg,By KimonBerlin - CC BY-SA 2.0,https://raw.githubusercontent.com/jamespnz/museum-meditations-japan/main/images/lee-ufan.jpg,"By KimonBerlin, CC BY-SA 2.0",https://raw.githubusercontent.com/jamespnz/museum-meditations-japan/main/images/Naoshima_Bath.jpg,"By æ¾å²¡æ˜ŽèŠ³ - Own work, CC BY-SA 3.0"
Teshima Art Museum,豊島美術館,Ryue Nishizawa,西沢立衛,2010,Organic Concrete Shell,Chugoku,Kagawa,Teshima,Ieura Port,Takamatsu,"Minimalist concrete shell museum on hillside housing single artwork by Rei Naito in collaboration with architect, creating meditative space where water droplets mysteriously form and flow",Shell structure without columns natural light through ceiling openings organic form integrated with landscape seamless concrete surface,Collaboration between architect and artist nature-architecture-art synthesis meditative experience,Ferry from Takamatsu Port or Uno Port then bus to museum,"This otherworldly concrete shell designed by Ryue Nishizawa sits on a hillside overlooking the Seto Inland Sea, housing a single artwork where water droplets mysteriously gather and flow across the floor in a meditative space that dissolves boundaries between art, architecture, and nature.",Setouchi Triennale Art Sites,Ferry access,Ferry access from main museum attraction,"Site-specific installations and outdoor sculptures scattered across twelve islands transform abandoned schools, warehouses, and beaches into contemporary art destinations, with permanent works by international artists creating an art pilgrimage across the Seto Inland Sea.",https://raw.githubusercontent.com/jamespnz/museum-meditations-japan/main/images/Teshima_Museum_Ryue_Nishizawa.jpg,"By Epiq - Own work, CC BY-SA 3.0",https://raw.githubusercontent.com/jamespnz/museum-meditations-japan/main/images/Teshima_Art_Museum_distant_view.jpg,"By KimonBerlin, CC BY-SA 2.0",https://raw.githubusercontent.com/jamespnz/museum-meditations-japan/main/images/Setouchi_Triennale_-Teshima_Yokoo_House.jpg,"By Iry - Own work, CC BY-SA 3.0"
Kyushu National Museum,九州国立博物館,Kiyonori Kikutake,菊竹清訓,2005,Contemporary Glass and Steel,Kyushu,Fukuoka,Dazaifu,Dazaifu Station,Fukuoka,"Japan's fourth national museum, the first opened in over a century, focusing on Japanese cultural formation through Asian historical perspectives",Double-layer indigo glass facade curved blue roof reflecting surrounding nature integration with hillside,First new national museum in 100+ years major conservation center for western Japan,10-minute walk from Dazaifu Station or 5-minute walk from Dazaifu Tenmangu Shrine via connecting path,"The Cultural Exchange Exhibition on the fourth floor spans Japanese prehistory through the Meiji period, showcasing how Asian cultural exchange shaped Japan's development, with special emphasis on Dazaifu's role as the gateway between Japan and Asia from the 8th to 12th centuries when the Silk Road flourished.",Dazaifu Tenmangu Shrine,5 mins walk from main museum attraction,6 mins walk from main museum attraction,"One of Japan's most important Tenmangu shrines, dedicated to scholar-deity Sugawara no Michizane, featuring 6,000 plum trees that bloom spectacularly in late winter, heart-shaped koi pond, ancient camphor trees, and the legendary tobiume (flying plum tree) that allegedly flew from Kyoto to accompany Michizane in exile.",https://raw.githubusercontent.com/jamespnz/museum-meditations-japan/main/images/Kyushu_National_Museum_exterior.jpg,By Hajime NAKANO CC BY 2.0,https://raw.githubusercontent.com/jamespnz/museum-meditations-japan/main/images/Kyushu_National_Museum_interior.jpg,"By Travis, CC BY 2.0",https://raw.githubusercontent.com/jamespnz/museum-meditations-japan/main/images/Dazaifu_Tenmangu-Courtyard_entrance.jpg,"By Immanuelle - Own work, CC BY 4.0"
Nagasaki Prefectural Art Museum,長崎県美術館,Kengo Kuma,隈研吾,2005,Contemporary with Stone Louvers,Kyushu,Nagasaki,Nagasaki,Medical Center or Dejima tram stop,Nagasaki,"Museum showcasing Spanish and Nagasaki art in striking waterfront architecture, featuring Asia's largest Spanish art collection","Stone louvers inspired by traditional Nagasaki colonial verandas, glass bridge crossing canal, green roof garden, natural ventilation through breezy corridor spaces, integration of water and architecture","Contemporary interpretation of Nagasaki's architectural heritage, largest collection of Spanish art in Asia from the Suma Collection, winner of multiple architectural and lighting design awards",Direct access from tram stops; elevator and wheelchair access throughout; roof garden with panoramic harbor views; cafÃ© with waterfront seating,"The Suma Collection features Spanish art ranging from medieval to contemporary periods with legendary artists including Picasso and DalÃ­, while the Nagasaki Collection showcases local artists and works relating to the city's unique history as Japan's window to the West during centuries of isolation, with rotating exhibitions exploring international cultural exchange",Nagasaki Seaside Park,Immediately adjacent,Immediately adjacent,"A waterfront park spanning 65,000 square meters with Earth Plaza's pleasant lawns facing Nagasaki Port, Water Garden featuring fountains and streams, Waterfront Promenade with canal running through, offering views of Mitsubishi Shipyard's World Heritage cantilever crane across the harbor",https://raw.githubusercontent.com/jamespnz/museum-meditations-japan/main/images/Nagasaki_Prefectural_Art_Museum.jpg,"By Kenta Mabuchi, CC BY-SA 2.0",https://raw.githubusercontent.com/jamespnz/museum-meditations-japan/main/images/Nagasaki_Prefectural_Art_Museum_distant_view.jpg,"By Kenta Mabuchi, CC BY-SA 2.0",https://raw.githubusercontent.com/jamespnz/museum-meditations-japan/main/images/Aqua_Garden_Nagasaki.jpg,"By Masoud Akbari, CC BY-SA 3.0"
Kitakyushu Municipal Museum of Art,北九州市立美術館,Arata Isozaki,磯崎新,1974,Japanese Brutalism,Kyushu,Fukuoka,Kitakyushu,Kokura Station,Kitakyushu,"Brutalist museum perched on hillside featuring dual geometric tubes, housing modern art collection with panoramic city and sea views","Two distinctive geometric tubes composed of 9.6-meter square modules cantilevered from hillside, perfectly symmetrical entrance hall, post-modern interior spaces with columns arranged around central pond, panoramic city and sea views from elevated location","One of Isozaki's early masterpieces celebrating 50th anniversary in 2024, pioneering public art museum in western Japan, represents the architect's exploration of brutalist and post-modern aesthetics before international fame","Bus service from Kokura Station (30 minutes); cafÃ© with city views; signage in Japanese, English, Chinese, Korean; parking available","The permanent collection exceeds 8,000 pieces focusing on modern and contemporary art from Japan and abroad including Impressionist works by Renoir, Degas and Monet, ukiyo-e woodblock prints by masters like Hokusai, and sculptures displayed both in galleries with 4.5-meter ceilings and throughout the surrounding Art Forest Park where 24 outdoor sculptures are integrated into lush landscape",Kawachi Wisteria Garden,40-min by car,40-min by car,"A private hilltop garden famous worldwide for two 100-meter-long tunnels of cascading wisteria in purple, white and pink shades forming spectacular floral walkways during spring blooming season, along with enormous wisteria dome and viewpoint overlooking the flower sea and surrounding bamboo valley",https://raw.githubusercontent.com/jamespnz/museum-meditations-japan/main/images/Kitakyushu_Municipal_Museum_of_Art_exterior.jpg,"By STA3816 - Own work, CC BY-SA 4.0",https://raw.githubusercontent.com/jamespnz/museum-meditations-japan/main/images/Kitakyushu_Municipal_Museum_of_Art_interior.jpg,"By è»é‡Žç›®ã•ã‚“ - photozou, CC BY 2.0",https://raw.githubusercontent.com/jamespnz/museum-meditations-japan/main/images/Purple_wisteria_in_Kawachi_Wisteria_Garden.jpg,"By ãã‚‰ã¿ã¿ - Own work, CC BY-SA 4.0"
Oita Art Plaza,大分アートプラザ,Arata Isozaki,磯崎新,1966,Japanese Brutalism,Kyushu,Oita,Oita,Oita Station,Oita,"Isozaki's breakthrough project converting former library into gallery space, showcasing bold brutalist skeleton structure with suspended beams","Reinforced concrete construction with skeleton-inspired structure, suspended tubular beams allowing flexible interior spaces, bold geometric forms characteristic of Metabolist influences, powerful cantilevered elements","Arata Isozaki's breakthrough project that established his reputation, Important example of 1960s Japanese Brutalism, conversion demonstrates adaptive reuse of modernist architecture",Walking distance from Oita Station in city center; building architecture itself is primary attraction for design enthusiasts,"Gallery spaces converted from original library layout showcase rotating contemporary art exhibitions while preserving dramatic brutalist architectural character with bold concrete forms and geometric rigor creating powerful backdrop for artistic expression, drawing visitors interested in both postwar Japanese architecture and contemporary art in Isozaki's hometown where his architectural journey began",Usa Jingu Shrine,50-min by car,50-min by car,"Japan's head shrine of over 40,000 Hachiman shrines dedicated to the god of war and archery, featuring National Treasure main halls in distinctive Hachiman architectural style, expansive forested grounds with vermillion torii gates, sacred lotus pond where Emperor Ojin legendarily descended, and unique two-bow-four-clap-one-bow prayer ritual",https://raw.githubusercontent.com/jamespnz/museum-meditations-japan/main/images/Artplaza-oita-city.jpg,"By MK Products - Own work, CC BY-SA 3.1",https://raw.githubusercontent.com/jamespnz/museum-meditations-japan/main/images/Oita-shi_Art_Plaza_closeup.jpg,"By Yasushi HASHIGUCHI, CC BY-SA 3.0",https://raw.githubusercontent.com/jamespnz/museum-meditations-japan/main/images/Usa_Jingu_fukuoka.jpg,"By Immanuelle - Own work, CC BY 4.0"
Fukuoka Art Museum,福岡市美術館,Kunio Maekawa,前川國男,1979,Modernist,Kyushu,Fukuoka,Fukuoka,Ohori Park Station,Fukuoka,"Modernist museum with distinctive reddish-brown Tokoname tile exterior, designed by Kunio Maekawa overlooking Ohori Park pond","Reddish-brown porcelain tile exterior from Tokoname kilns that grows more brilliant with age, unique gallery layout centered on spacious lobby and Esplanade plaza, gradually sloping approach to second-floor entrance, natural light flooding through large windows overlooking Ohori Park pond","Designed by Kunio Maekawa who created public art museums throughout Japan in the late 1960s, represents Japanese modernism's mature period, PFI renovation project preserved architectural essence while updating facilities","5-minute walk from Ohori Park Station; museum positioned peacefully facing pond in Ohori Park; renovated spaces include accessible galleries, modern cafÃ© with water views, museum shop","The permanent collection features Asian art with emphasis on Buddhist sculpture and tea ceremony objects, modern Western art including DalÃ­, MirÃ³ and Warhol, and modern Japanese art from Meiji period forward with special exhibitions in renovated galleries that maintain Maekawa's vision of spacious contemplative viewing enhanced by natural light and views of surrounding park landscape distancing visitors from ordinary life before entering galleries",Ohori Park Japanese Garden,2-min walk,2-min walk,"A traditional Japanese stroll garden designed by renowned landscape architect Nakane Kinsaku featuring winding paths around sculptural pond with waterfalls, dry rock garden, authentic tea houses in multiple styles, and seasonal plantings including 40 varieties spanning Japanese black pine and azaleas across 12,000 square meters adjacent to the museum",https://raw.githubusercontent.com/jamespnz/museum-meditations-japan/main/images/Fukuoka_Art_Museum_pumpkin.jpg,"By ãã‚‰ã¿ã¿ - Own work, CC BY-SA 4.0",https://raw.githubusercontent.com/jamespnz/museum-meditations-japan/main/images/Fukuoka_Art_Museum_steps.jpg,"By ãã‚‰ã¿ã¿ - Own work, CC BY-SA 4.0",https://raw.githubusercontent.com/jamespnz/museum-meditations-japan/main/images/Ohori_Park_fukuoka.jpg,"By STA3816 - Own work, CC BY-SA 3.0"
Contemporary Art Museum Kumamoto,熊本市現代美術館,Azusa Sekkei,æ¢“è¨­è¨ˆ,2002,Urban Contemporary,Kyushu,Kumamoto,Kumamoto,Torichosuji tram stop,Kumamoto,"Urban museum on third floor of mixed-use building in downtown shopping arcade, breaking traditional museum barriers with integrated site-specific artworks","Site-specific artworks integrated into architecture including Kusama's mirrored infinity space, Miyajima's LED light columns representing heartbeat, Turrell's light windows, AbramoviÄ‡'s communication space, main gallery with polished wooden floors and 4.5-meter ceilings with movable walls","Pioneering model of accessible urban museum breaking barriers between art and daily life, located in active shopping district rather than isolated cultural precinct, universal design with tactile paving, braille signage, wheelchair accessibility",1-minute walk from Torichosuji tram stop in Kamitori shopping arcade; third floor location above shops; free admission to Home Gallery Kids Factory and integrated artworks; elevator and stroller access; nursing room available,"The main gallery hosts approximately five special exhibitions annually ranging from Ghibli Studio animation drawings to contemporary photography and established artists' collections while the Home Gallery functions as an art library where visitors can browse books and manga surrounded by specially designed furniture including Fujie Kazuko's ribbon-like purple benches, with evening piano recitals creating an atmosphere where art community information and people intersect in downtown Kumamoto's urban fabric",Kumamoto Castle,10-min walk,10-min walk,"One of Japan's three premier castles featuring imposing stone walls with distinctive inward curves designed to prevent climbing, massive wooden towers reconstructed after 1877 Satsuma Rebellion, ornate Honmaru Palace with gold-leaf decorated Shokonnoma room, and currently undergoing extensive 20-year restoration from 2016 earthquake damage with special elevated walkway allowing visitors to view reconstruction efforts and castle grounds",https://raw.githubusercontent.com/jamespnz/museum-meditations-japan/main/images/Contemporary Art Museum Kumamoto.jpg,"By 663highland, CC BY 2.5",https://raw.githubusercontent.com/jamespnz/museum-meditations-japan/main/images/Contemporary Art Museum Kumamoto_closeup.jpg,"By ãã‚‰ã¿ã¿ - Own work, CC BY-SA 4.1",https://raw.githubusercontent.com/jamespnz/museum-meditations-japan/main/images/Kumamoto_Castle.jpg,"By 663highland - Own work, CC BY 2.5"
Fukuoka Asian Art Museum,福岡アジア美術館,Hakata Riverain Complex Architects,,1999,Urban Contemporary,Kyushu,Fukuoka,Fukuoka,Nakasu-Kawabata Station,Fukuoka,"World's only museum systematically collecting modern and contemporary Asian art, occupying 7th and 8th floors of Hakata Riverain building","Bright modular exhibition halls on two floors with flexible gallery spaces, large windows flooding natural light, entrance featuring 4-meter-high Bu Hua collaborative mural, Southeast Asian-designed furniture throughout, children's restroom with Bangladeshi artist paintings","Only museum in world dedicated exclusively to systematically collecting and exhibiting modern and contemporary art from 23 Asian countries, pioneering artist residency program fostering international dialogue",Directly connected to Nakasu-Kawabata Station Exit 6; escalators and elevators to 7th floor; open until 8:00 PM on Fridays and Saturdays; free baggage lockers; signage in multiple languages,"The collection exceeds 5,000 works from 23 Asian countries spanning South, Southeast and East Asia with rotating Asia Gallery displays featuring contemporary video art, social commentary pieces and traditional art reinterpreted through modern lens, complemented by artist residency program, 10,000-book art cafÃ©, and Friday evening music events in this pioneering pan-Asian art institution that inherited activities from Fukuoka City Museum of Art",Kawabata Shopping Arcade,2-min walk,2-min walk,"Historic 400-meter covered shopping street over 130 years old with more than 130 shops selling traditional Hakata ningyo dolls, Yamakasa festival goods, Genkai Sea specialties, popular ramen restaurants, and famous Kawabata sweet red bean soup served at event plaza on weekends connecting old merchant Hakata culture to modern Canal City entertainment complex",https://raw.githubusercontent.com/jamespnz/museum-meditations-japan/main/images/Fukuoka_Asian_Art_Museum_ex.jpg,"By ãã‚‰ã¿ã¿ - Own work, CC BY-SA 4.0",https://raw.githubusercontent.com/jamespnz/museum-meditations-japan/main/images/Fukuoka_Asian_Art_Museum_ex_narrow.jpg,"By ãã‚‰ã¿ã¿ - Own work, CC BY-SA 4.2",https://raw.githubusercontent.com/jamespnz/museum-meditations-japan/main/images/Kawabata_Shopping_Arcade_fukuoka.jpg,"By Hirho - Own work, CC BY-SA 4.0"
Fukuoka Prefectural Art Museum,福岡県立美術館,Sato Takeo,ä½è—¤æ­¦å¤«,1985,Modernist,Kyushu,Fukuoka,Fukuoka,Tenjin Station,Fukuoka,"Prefecture's cultural icon in Tenjin's Suzaki Park focusing on Fukuoka artists, opened 1985 after renovating 1964 Culture Center","Designed as cultural icon with modernist aesthetic, features spacious exhibition galleries, fourth-floor art library with natural lighting and open stacks, flexible exhibition spaces for rotating shows and public displays","Originally opened 1964 as Fukuoka Prefectural Culture Center combining museum and library, famously hosted 1965 Tutankhamen Exhibition drawing 590,000 visitors, renovated and reopened 1985 focusing exclusively on art museum functions","10-minute walk from Tenjin Station in downtown Fukuoka; located in Suzaki Park; adjacent to Fukuoka Prefectural Library; fourth-floor art library with 40,000 volumes; free exhibition room rental available for prefecture residents","Collection encompasses approximately 10,000 works spanning Edo-period to contemporary art with focus on modern Japanese Western-style painters with Fukuoka ties including Sakamoto Hanjiro, Takashima Yajuro, Kojima Zenzaburo, Nakamura Ken'ichi, and Koga Harue, alongside annual Fukuoka Prefecture Art Festival public exhibition and methodically researched rotating displays introducing diverse artistic representation from Japan and abroad",Acros Fukuoka,8-min walk,8-min walk,"Pioneering green architecture landmark featuring dramatic 60-meter stepped garden ascending south facade like forested mountain with 120 plant species across 14 terraced levels, housing international convention hall, symphony hall, and cultural information center while giving parkland back to Fukuoka citizens through Emilio Ambasz's visionary 1995 design connecting Tenjin Central Park to building rooftop in reconciliation between urban development and nature",https://raw.githubusercontent.com/jamespnz/museum-meditations-japan/main/images/Fukuoka_Prefectural_Museum_of_Art.jpg,"By ãã‚‰ã¿ã¿ - Own work, CC BY-SA 4.1",https://raw.githubusercontent.com/jamespnz/museum-meditations-japan/main/images/Fukuoka_Prefectural_Museum_of_Art_ex_distant.jpg,"By ãã‚‰ã¿ã¿ - Own work, CC BY-SA 4.3",https://raw.githubusercontent.com/jamespnz/museum-meditations-japan/main/images/acros_fukuoka.jpg,"By Hirho - Own work, CC BY-SA 4.0"
